Service,Portfolio,NAV,Return,AsOf
Equilties I,Value Oriented,1000000,0.6,2023/1/1
Equilties I,Value Oriented,1004300,0.43,2023/1/2
Equilties I,Value Oriented,1004601.29,0.03,2023/1/3
Equilties I,Value Oriented,1021177.21,1.65,2023/1/4
Equilties I,Value Oriented,1036392.75,1.49,2023/1/5
Equilties I,Value Oriented,1043543.86,0.69,2023/1/6
Equilties I,Value Oriented,1051474.79,0.76,2023/1/7
Equilties I,Value Oriented,1054629.21,0.3,2023/1/8
Equilties I,Value Oriented,1047035.88,-0.72,2023/1/9
Equilties I,Value Oriented,1051747.54,0.45,2023/1/10
Equilties I,Value Oriented,1062054.67,0.98,2023/1/11
Equilties I,Value Oriented,1066621.51,0.43,2023/1/12
Equilties I,Value Oriented,1075901.12,0.87,2023/1/13
Equilties I,Value Oriented,1080957.86,0.47,2023/1/14
Equilties I,Value Oriented,1074255.92,-0.62,2023/1/15
Equilties I,Value Oriented,1072322.26,-0.18,2023/1/16
Equilties I,Value Oriented,1061384.57,-1.02,2023/1/17
Equilties I,Value Oriented,1054167.15,-0.68,2023/1/18
Equilties I,Value Oriented,1056907.98,0.26,2023/1/19
Equilties I,Value Oriented,1065151.86,0.78,2023/1/20
Equilties I,Value Oriented,1073460.04,0.78,2023/1/21
Equilties I,Value Oriented,1068844.16,-0.43,2023/1/22
Equilties I,Value Oriented,1089365.97,1.92,2023/1/23
Equilties I,Value Oriented,1095139.61,0.53,2023/1/24
Equilties I,Value Oriented,1100834.34,0.52,2023/1/25
Equilties I,Value Oriented,1100614.17,-0.02,2023/1/26
Equilties I,Value Oriented,1096541.9,-0.37,2023/1/27
Equilties I,Value Oriented,1092265.39,-0.39,2023/1/28
Equilties I,Value Oriented,1092374.62,0.01,2023/1/29
Equilties I,Value Oriented,1106575.49,1.3,2023/1/30
Equilties I,Value Oriented,1102591.82,-0.36,2023/1/31
Equilties I,Value Oriented,1104576.49,0.18,2023/2/1
Equilties I,Value Oriented,1105681.07,0.1,2023/2/2
Equilties I,Value Oriented,1104907.09,-0.07,2023/2/3
Equilties I,Value Oriented,1115624.69,0.97,2023/2/4
Equilties I,Value Oriented,1109042.5,-0.59,2023/2/5
Equilties I,Value Oriented,1115364.04,0.57,2023/2/6
Equilties I,Value Oriented,1111014.12,-0.39,2023/2/7
Equilties I,Value Oriented,1123679.68,1.14,2023/2/8
Equilties I,Value Oriented,1134804.11,0.99,2023/2/9
Equilties I,Value Oriented,1142747.74,0.7,2023/2/10
Equilties I,Value Oriented,1144233.31,0.13,2023/2/11
Equilties I,Value Oriented,1147322.74,0.27,2023/2/12
Equilties I,Value Oriented,1160058.02,1.11,2023/2/13
Equilties I,Value Oriented,1161914.11,0.16,2023/2/14
Equilties I,Value Oriented,1162378.88,0.04,2023/2/15
Equilties I,Value Oriented,1169585.63,0.62,2023/2/16
Equilties I,Value Oriented,1173679.18,0.35,2023/2/17
Equilties I,Value Oriented,1174148.65,0.04,2023/2/18
Equilties I,Value Oriented,1175909.87,0.15,2023/2/19
Equilties I,Value Oriented,1174851.55,-0.09,2023/2/20
Equilties I,Value Oriented,1185660.18,0.92,2023/2/21
Equilties I,Value Oriented,1172855.05,-1.08,2023/2/22
Equilties I,Value Oriented,1189157.74,1.39,2023/2/23
Equilties I,Value Oriented,1200811.49,0.98,2023/2/24
Equilties I,Value Oriented,1211378.63,0.88,2023/2/25
Equilties I,Value Oriented,1233062.31,1.79,2023/2/26
Equilties I,Value Oriented,1245516.24,1.01,2023/2/27
Equilties I,Value Oriented,1254483.96,0.72,2023/2/28
Equilties I,Value Oriented,1263014.45,0.68,2023/3/1
Equilties I,Value Oriented,1266424.59,0.27,2023/3/2
Equilties I,Value Oriented,1269210.72,0.22,2023/3/3
Equilties I,Value Oriented,1282537.43,1.05,2023/3/4
Equilties I,Value Oriented,1260990.8,-1.68,2023/3/5
Equilties I,Value Oriented,1257333.93,-0.29,2023/3/6
Equilties I,Value Oriented,1258591.26,0.1,2023/3/7
Equilties I,Value Oriented,1255193.06,-0.27,2023/3/8
Equilties I,Value Oriented,1273267.84,1.44,2023/3/9
Equilties I,Value Oriented,1285109.23,0.93,2023/3/10
Equilties I,Value Oriented,1273029.2,-0.94,2023/3/11
Equilties I,Value Oriented,1287669.04,1.15,2023/3/12
Equilties I,Value Oriented,1292175.88,0.35,2023/3/13
Equilties I,Value Oriented,1294243.36,0.16,2023/3/14
Equilties I,Value Oriented,1298514.36,0.33,2023/3/15
Equilties I,Value Oriented,1300721.83,0.17,2023/3/16
Equilties I,Value Oriented,1308266.02,0.58,2023/3/17
Equilties I,Value Oriented,1319647.93,0.87,2023/3/18
Equilties I,Value Oriented,1332976.37,1.01,2023/3/19
Equilties I,Value Oriented,1362568.45,2.22,2023/3/20
Equilties I,Value Oriented,1356845.66,-0.42,2023/3/21
Equilties I,Value Oriented,1355217.45,-0.12,2023/3/22
Equilties I,Value Oriented,1366465.75,0.83,2023/3/23
Equilties I,Value Oriented,1380403.7,1.02,2023/3/24
Equilties I,Value Oriented,1387719.84,0.53,2023/3/25
Equilties I,Value Oriented,1391189.14,0.25,2023/3/26
Equilties I,Value Oriented,1399118.92,0.57,2023/3/27
Equilties I,Value Oriented,1401497.42,0.17,2023/3/28
Equilties I,Value Oriented,1393649.03,-0.56,2023/3/29
Equilties I,Value Oriented,1377761.43,-1.14,2023/3/30
Equilties I,Value Oriented,1383961.36,0.45,2023/3/31
Equilties I,Value Oriented,1403060.03,1.38,2023/4/1
Equilties I,Value Oriented,1412320.23,0.66,2023/4/2
Equilties I,Value Oriented,1423618.79,0.8,2023/4/3
Equilties I,Value Oriented,1433157.04,0.67,2023/4/4
Equilties I,Value Oriented,1451071.5,1.25,2023/4/5
Equilties I,Value Oriented,1447588.93,-0.24,2023/4/6
Equilties I,Value Oriented,1470750.35,1.6,2023/4/7
Equilties I,Value Oriented,1464279.05,-0.44,2023/4/8
Equilties I,Value Oriented,1471307.59,0.48,2023/4/9
Equilties I,Value Oriented,1479841.17,0.58,2023/4/10
Equilties I,Value Oriented,1498931.12,1.29,2023/4/11
Equilties I,Value Oriented,1514070.32,1.01,2023/4/12
Equilties I,Value Oriented,1532087.76,1.19,2023/4/13
Equilties I,Value Oriented,1536071.19,0.26,2023/4/14
Equilties I,Value Oriented,1559112.26,1.5,2023/4/15
Equilties I,Value Oriented,1588111.75,1.86,2023/4/16
Equilties I,Value Oriented,1586047.2,-0.13,2023/4/17
Equilties I,Value Oriented,1589695.11,0.23,2023/4/18
Equilties I,Value Oriented,1607340.73,1.11,2023/4/19
Equilties I,Value Oriented,1634022.59,1.66,2023/4/20
Equilties I,Value Oriented,1635493.21,0.09,2023/4/21
Equilties I,Value Oriented,1632712.87,-0.17,2023/4/22
Equilties I,Value Oriented,1631733.24,-0.06,2023/4/23
Equilties I,Value Oriented,1633038.63,0.08,2023/4/24
Equilties I,Value Oriented,1614585.29,-1.13,2023/4/25
Equilties I,Value Oriented,1613293.62,-0.08,2023/4/26
Equilties I,Value Oriented,1609260.39,-0.25,2023/4/27
Equilties I,Value Oriented,1612157.06,0.18,2023/4/28
Equilties I,Value Oriented,1632470.24,1.26,2023/4/29
Equilties I,Value Oriented,1660058.99,1.69,2023/4/30
Equilties I,Value Oriented,1666367.21,0.38,2023/5/1
Equilties I,Value Oriented,1694528.82,1.69,2023/5/2
Equilties I,Value Oriented,1694359.37,-0.01,2023/5/3
Equilties I,Value Oriented,1705372.71,0.65,2023/5/4
Equilties I,Value Oriented,1719015.69,0.8,2023/5/5
Equilties I,Value Oriented,1731220.7,0.71,2023/5/6
Equilties I,Value Oriented,1756150.28,1.44,2023/5/7
Equilties I,Value Oriented,1771077.56,0.85,2023/5/8
Equilties I,Value Oriented,1787371.47,0.92,2023/5/9
Equilties I,Value Oriented,1798631.91,0.63,2023/5/10
Equilties I,Value Oriented,1777587.92,-1.17,2023/5/11
Equilties I,Value Oriented,1804962.77,1.54,2023/5/12
Equilties I,Value Oriented,1822831.9,0.99,2023/5/13
Equilties I,Value Oriented,1824654.73,0.1,2023/5/14
Equilties I,Value Oriented,1832500.75,0.43,2023/5/15
Equilties I,Value Oriented,1855590.26,1.26,2023/5/16
Equilties I,Value Oriented,1846683.43,-0.48,2023/5/17
Equilties I,Value Oriented,1829878.61,-0.91,2023/5/18
Equilties I,Value Oriented,1825852.88,-0.22,2023/5/19
Equilties I,Value Oriented,1826400.64,0.03,2023/5/20
Equilties I,Value Oriented,1842655.61,0.89,2023/5/21
Equilties I,Value Oriented,1885036.69,2.3,2023/5/22
Equilties I,Value Oriented,1915574.28,1.62,2023/5/23
Equilties I,Value Oriented,1932239.78,0.87,2023/5/24
Equilties I,Value Oriented,1935138.14,0.15,2023/5/25
Equilties I,Value Oriented,1908433.23,-1.38,2023/5/26
Equilties I,Value Oriented,1891066.49,-0.91,2023/5/27
Equilties I,Value Oriented,1885582.4,-0.29,2023/5/28
Equilties I,Value Oriented,1904626.78,1.01,2023/5/29
Equilties I,Value Oriented,1939671.91,1.84,2023/5/30
Equilties I,Value Oriented,1943357.29,0.19,2023/5/31
Equilties I,Value Oriented,1921008.68,-1.15,2023/6/1
Equilties I,Value Oriented,1924850.7,0.2,2023/6/2
Equilties I,Value Oriented,1950066.24,1.31,2023/6/3
Equilties I,Value Oriented,1948116.17,-0.1,2023/6/4
Equilties I,Value Oriented,1981623.77,1.72,2023/6/5
Equilties I,Value Oriented,1961609.37,-1.01,2023/6/6
Equilties I,Value Oriented,1992995.12,1.6,2023/6/7
Equilties I,Value Oriented,1978645.56,-0.72,2023/6/8
Equilties I,Value Oriented,2000410.66,1.1,2023/6/9
Equilties I,Value Oriented,2030016.74,1.48,2023/6/10
Equilties I,Value Oriented,2060669.99,1.51,2023/6/11
Equilties I,Value Oriented,2086428.36,1.25,2023/6/12
Equilties I,Value Oriented,2092896.29,0.31,2023/6/13
Equilties I,Value Oriented,2075525.25,-0.83,2023/6/14
Equilties I,Value Oriented,2094204.98,0.9,2023/6/15
Equilties I,Value Oriented,2091901.35,-0.11,2023/6/16
Equilties I,Value Oriented,2095666.77,0.18,2023/6/17
Equilties I,Value Oriented,2125844.37,1.44,2023/6/18
Equilties I,Value Oriented,2130521.23,0.22,2023/6/19
Equilties I,Value Oriented,2131160.39,0.03,2023/6/20
Equilties I,Value Oriented,2150127.72,0.89,2023/6/21
Equilties I,Value Oriented,2181734.6,1.47,2023/6/22
Equilties I,Value Oriented,2205951.85,1.11,2023/6/23
Equilties I,Value Oriented,2226026.01,0.91,2023/6/24
Equilties I,Value Oriented,2242053.4,0.72,2023/6/25
Equilties I,Value Oriented,2246761.71,0.21,2023/6/26
Equilties I,Value Oriented,2236426.61,-0.46,2023/6/27
Equilties I,Value Oriented,2255659.88,0.86,2023/6/28
Equilties I,Value Oriented,2287690.25,1.42,2023/6/29
Equilties I,Value Oriented,2262296.89,-1.11,2023/6/30
Equilties I,Value Oriented,2319306.77,2.52,2023/7/1
Equilties I,Growth Oriented,1000000,-2.4,2023/1/1
Equilties I,Growth Oriented,987400,-1.26,2023/1/2
Equilties I,Growth Oriented,1032425.44,4.56,2023/1/3
Equilties I,Growth Oriented,1049873.43,1.69,2023/1/4
Equilties I,Growth Oriented,1106881.56,5.43,2023/1/5
Equilties I,Growth Oriented,1124702.35,1.61,2023/1/6
Equilties I,Growth Oriented,1148208.63,2.09,2023/1/7
Equilties I,Growth Oriented,1155557.17,0.64,2023/1/8
Equilties I,Growth Oriented,1164801.63,0.8,2023/1/9
Equilties I,Growth Oriented,1190427.27,2.2,2023/1/10
Equilties I,Growth Oriented,1235306.38,3.77,2023/1/11
Equilties I,Growth Oriented,1199111.9,-2.93,2023/1/12
Equilties I,Growth Oriented,1177767.71,-1.78,2023/1/13
Equilties I,Growth Oriented,1168698.9,-0.77,2023/1/14
Equilties I,Growth Oriented,1109445.87,-5.07,2023/1/15
Equilties I,Growth Oriented,1101901.64,-0.68,2023/1/16
Equilties I,Growth Oriented,1152038.16,4.55,2023/1/17
Equilties I,Growth Oriented,1164595.38,1.09,2023/1/18
Equilties I,Growth Oriented,1223523.91,5.06,2023/1/19
Equilties I,Growth Oriented,1247137.92,1.93,2023/1/20
Equilties I,Growth Oriented,1298145.86,4.09,2023/1/21
Equilties I,Growth Oriented,1321252.86,1.78,2023/1/22
Equilties I,Growth Oriented,1343714.16,1.7,2023/1/23
Equilties I,Growth Oriented,1291712.42,-3.87,2023/1/24
Equilties I,Growth Oriented,1330851.31,3.03,2023/1/25
Equilties I,Growth Oriented,1324330.14,-0.49,2023/1/26
Equilties I,Growth Oriented,1348565.38,1.83,2023/1/27
Equilties I,Growth Oriented,1390910.33,3.14,2023/1/28
Equilties I,Growth Oriented,1368933.95,-1.58,2023/1/29
Equilties I,Growth Oriented,1351685.38,-1.26,2023/1/30
Equilties I,Growth Oriented,1344115.94,-0.56,2023/1/31
Equilties I,Growth Oriented,1352987.11,0.66,2023/2/1
Equilties I,Growth Oriented,1363540.41,0.78,2023/2/2
Equilties I,Growth Oriented,1361631.45,-0.14,2023/2/3
Equilties I,Growth Oriented,1345700.36,-1.17,2023/2/4
Equilties I,Growth Oriented,1319190.06,-1.97,2023/2/5
Equilties I,Growth Oriented,1351642.14,2.46,2023/2/6
Equilties I,Growth Oriented,1412466.04,4.5,2023/2/7
Equilties I,Growth Oriented,1479699.42,4.76,2023/2/8
Equilties I,Growth Oriented,1532968.6,3.6,2023/2/9
Equilties I,Growth Oriented,1543699.38,0.7,2023/2/10
Equilties I,Growth Oriented,1561451.92,1.15,2023/2/11
Equilties I,Growth Oriented,1533814.22,-1.77,2023/2/12
Equilties I,Growth Oriented,1545011.06,0.73,2023/2/13
Equilties I,Growth Oriented,1584099.84,2.53,2023/2/14
Equilties I,Growth Oriented,1590753.06,0.42,2023/2/15
Equilties I,Growth Oriented,1623204.42,2.04,2023/2/16
Equilties I,Growth Oriented,1597720.11,-1.57,2023/2/17
Equilties I,Growth Oriented,1629834.28,2.01,2023/2/18
Equilties I,Growth Oriented,1581591.19,-2.96,2023/2/19
Equilties I,Growth Oriented,1627299.18,2.89,2023/2/20
Equilties I,Growth Oriented,1596217.77,-1.91,2023/2/21
Equilties I,Growth Oriented,1572753.37,-1.47,2023/2/22
Equilties I,Growth Oriented,1625126.06,3.33,2023/2/23
Equilties I,Growth Oriented,1633414.2,0.51,2023/2/24
Equilties I,Growth Oriented,1683233.33,3.05,2023/2/25
Equilties I,Growth Oriented,1737433.44,3.22,2023/2/26
Equilties I,Growth Oriented,1745251.89,0.45,2023/2/27
Equilties I,Growth Oriented,1743157.59,-0.12,2023/2/28
Equilties I,Growth Oriented,1791617.37,2.78,2023/3/1
Equilties I,Growth Oriented,1779613.53,-0.67,2023/3/2
Equilties I,Growth Oriented,1775342.46,-0.24,2023/3/3
Equilties I,Growth Oriented,1786172.05,0.61,2023/3/4
Equilties I,Growth Oriented,1849938.39,3.57,2023/3/5
Equilties I,Growth Oriented,1883422.27,1.81,2023/3/6
Equilties I,Growth Oriented,1919018.95,1.89,2023/3/7
Equilties I,Growth Oriented,1938592.94,1.02,2023/3/8
Equilties I,Growth Oriented,1972906.04,1.77,2023/3/9
Equilties I,Growth Oriented,1995989.04,1.17,2023/3/10
Equilties I,Growth Oriented,2002575.8,0.33,2023/3/11
Equilties I,Growth Oriented,2068660.8,3.3,2023/3/12
Equilties I,Growth Oriented,2059144.96,-0.46,2023/3/13
Equilties I,Growth Oriented,2085707.93,1.29,2023/3/14
Equilties I,Growth Oriented,2132427.79,2.24,2023/3/15
Equilties I,Growth Oriented,2237556.48,4.93,2023/3/16
Equilties I,Growth Oriented,2330638.83,4.16,2023/3/17
Equilties I,Growth Oriented,2405219.27,3.2,2023/3/18
Equilties I,Growth Oriented,2453323.66,2,2023/3/19
Equilties I,Growth Oriented,2523488.72,2.86,2023/3/20
Equilties I,Growth Oriented,2634774.57,4.41,2023/3/21
Equilties I,Growth Oriented,2606319,-1.08,2023/3/22
Equilties I,Growth Oriented,2672780.13,2.55,2023/3/23
Equilties I,Growth Oriented,2716881,1.65,2023/3/24
Equilties I,Growth Oriented,2709002.05,-0.29,2023/3/25
Equilties I,Growth Oriented,2726339.66,0.64,2023/3/26
Equilties I,Growth Oriented,2709708.99,-0.61,2023/3/27
Equilties I,Growth Oriented,2659579.37,-1.85,2023/3/28
Equilties I,Growth Oriented,2629792.08,-1.12,2023/3/29
Equilties I,Growth Oriented,2717627.14,3.34,2023/3/30
Equilties I,Growth Oriented,2723877.68,0.23,2023/3/31
Equilties I,Growth Oriented,2720336.64,-0.13,2023/4/1
Equilties I,Growth Oriented,2739106.96,0.69,2023/4/2
Equilties I,Growth Oriented,2799641.22,2.21,2023/4/3
Equilties I,Growth Oriented,2776404.2,-0.83,2023/4/4
Equilties I,Growth Oriented,2746141.39,-1.09,2023/4/5
Equilties I,Growth Oriented,2770307.43,0.88,2023/4/6
Equilties I,Growth Oriented,2770030.4,-0.01,2023/4/7
Equilties I,Growth Oriented,2696901.6,-2.64,2023/4/8
Equilties I,Growth Oriented,2694474.39,-0.09,2023/4/9
Equilties I,Growth Oriented,2675343.62,-0.71,2023/4/10
Equilties I,Growth Oriented,2778344.35,3.85,2023/4/11
Equilties I,Growth Oriented,2814462.83,1.3,2023/4/12
Equilties I,Growth Oriented,2788288.33,-0.93,2023/4/13
Equilties I,Growth Oriented,2825093.74,1.32,2023/4/14
Equilties I,Growth Oriented,2849107.04,0.85,2023/4/15
Equilties I,Growth Oriented,2826599.09,-0.79,2023/4/16
Equilties I,Growth Oriented,2845819.96,0.68,2023/4/17
Equilties I,Growth Oriented,2884523.11,1.36,2023/4/18
Equilties I,Growth Oriented,2892888.23,0.29,2023/4/19
Equilties I,Growth Oriented,2890284.63,-0.09,2023/4/20
Equilties I,Growth Oriented,2877856.41,-0.43,2023/4/21
Equilties I,Growth Oriented,2961602.03,2.91,2023/4/22
Equilties I,Growth Oriented,3022314.87,2.05,2023/4/23
Equilties I,Growth Oriented,3041355.45,0.63,2023/4/24
Equilties I,Growth Oriented,3083022.02,1.37,2023/4/25
Equilties I,Growth Oriented,3010571,-2.35,2023/4/26
Equilties I,Growth Oriented,3072588.76,2.06,2023/4/27
Equilties I,Growth Oriented,3107309.01,1.13,2023/4/28
Equilties I,Growth Oriented,3188099.04,2.6,2023/4/29
Equilties I,Growth Oriented,3196069.29,0.25,2023/4/30
Equilties I,Growth Oriented,3163469.38,-1.02,2023/5/1
Equilties I,Growth Oriented,3260271.54,3.06,2023/5/2
Equilties I,Growth Oriented,3181699,-2.41,2023/5/3
Equilties I,Growth Oriented,3316603.04,4.24,2023/5/4
Equilties I,Growth Oriented,3314944.74,-0.05,2023/5/5
Equilties I,Growth Oriented,3328867.51,0.42,2023/5/6
Equilties I,Growth Oriented,3359160.2,0.91,2023/5/7
Equilties I,Growth Oriented,3279548.1,-2.37,2023/5/8
Equilties I,Growth Oriented,3250688.08,-0.88,2023/5/9
Equilties I,Growth Oriented,3236710.12,-0.43,2023/5/10
Equilties I,Growth Oriented,3401782.34,5.1,2023/5/11
Equilties I,Growth Oriented,3581056.27,5.27,2023/5/12
Equilties I,Growth Oriented,3490097.44,-2.54,2023/5/13
Equilties I,Growth Oriented,3390978.67,-2.84,2023/5/14
Equilties I,Growth Oriented,3600202.05,6.17,2023/5/15
Equilties I,Growth Oriented,3602722.19,0.07,2023/5/16
Equilties I,Growth Oriented,3498243.25,-2.9,2023/5/17
Equilties I,Growth Oriented,3528677.97,0.87,2023/5/18
Equilties I,Growth Oriented,3490921.12,-1.07,2023/5/19
Equilties I,Growth Oriented,3543284.94,1.5,2023/5/20
Equilties I,Growth Oriented,3598560.19,1.56,2023/5/21
Equilties I,Growth Oriented,3611155.15,0.35,2023/5/22
Equilties I,Growth Oriented,3807601.99,5.44,2023/5/23
Equilties I,Growth Oriented,3744395.8,-1.66,2023/5/24
Equilties I,Growth Oriented,3656776.94,-2.34,2023/5/25
Equilties I,Growth Oriented,3646903.64,-0.27,2023/5/26
Equilties I,Growth Oriented,3787309.43,3.85,2023/5/27
Equilties I,Growth Oriented,3809654.56,0.59,2023/5/28
Equilties I,Growth Oriented,3837084.07,0.72,2023/5/29
Equilties I,Growth Oriented,3914593.17,2.02,2023/5/30
Equilties I,Growth Oriented,3940038.03,0.65,2023/5/31
Equilties I,Growth Oriented,3943190.06,0.08,2023/6/1
Equilties I,Growth Oriented,3930966.17,-0.31,2023/6/2
Equilties I,Growth Oriented,3827974.86,-2.62,2023/6/3
Equilties I,Growth Oriented,3826826.47,-0.03,2023/6/4
Equilties I,Growth Oriented,3869304.24,1.11,2023/6/5
Equilties I,Growth Oriented,3748581.95,-3.12,2023/6/6
Equilties I,Growth Oriented,3849043.95,2.68,2023/6/7
Equilties I,Growth Oriented,3981835.97,3.45,2023/6/8
Equilties I,Growth Oriented,3963519.52,-0.46,2023/6/9
Equilties I,Growth Oriented,3988886.04,0.64,2023/6/10
Equilties I,Growth Oriented,4009229.36,0.51,2023/6/11
Equilties I,Growth Oriented,4042906.89,0.84,2023/6/12
Equilties I,Growth Oriented,4078080.18,0.87,2023/6/13
Equilties I,Growth Oriented,4206131.9,3.14,2023/6/14
Equilties I,Growth Oriented,4223377.04,0.41,2023/6/15
Equilties I,Growth Oriented,4165939.11,-1.36,2023/6/16
Equilties I,Growth Oriented,4343408.12,4.26,2023/6/17
Equilties I,Growth Oriented,4432882.33,2.06,2023/6/18
Equilties I,Growth Oriented,4537498.35,2.36,2023/6/19
Equilties I,Growth Oriented,4586957.08,1.09,2023/6/20
Equilties I,Growth Oriented,4624570.13,0.82,2023/6/21
Equilties I,Growth Oriented,4673590.57,1.06,2023/6/22
Equilties I,Growth Oriented,4512351.7,-3.45,2023/6/23
Equilties I,Growth Oriented,4513705.41,0.03,2023/6/24
Equilties I,Growth Oriented,4451867.65,-1.37,2023/6/25
Equilties I,Growth Oriented,4410020.09,-0.94,2023/6/26
Equilties I,Growth Oriented,4481903.42,1.63,2023/6/27
Equilties I,Growth Oriented,4581849.87,2.23,2023/6/28
Equilties I,Growth Oriented,4537864.11,-0.96,2023/6/29
Equilties I,Growth Oriented,4638604.69,2.22,2023/6/30
Equilties I,Growth Oriented,4620050.27,-0.4,2023/7/1
Equilties II,Mixed,1000000,1.66,2023/1/1
Equilties II,Mixed,1011000,1.1,2023/1/2
Equilties II,Mixed,1048710.3,3.73,2023/1/3
Equilties II,Mixed,1043152.14,-0.53,2023/1/4
Equilties II,Mixed,1038562.27,-0.44,2023/1/5
Equilties II,Mixed,1041677.96,0.3,2023/1/6
Equilties II,Mixed,1054073.93,1.19,2023/1/7
Equilties II,Mixed,1044692.67,-0.89,2023/1/8
Equilties II,Mixed,1065168.65,1.96,2023/1/9
Equilties II,Mixed,1091797.87,2.5,2023/1/10
Equilties II,Mixed,1114725.63,2.1,2023/1/11
Equilties II,Mixed,1138134.87,2.1,2023/1/12
Equilties II,Mixed,1164994.85,2.36,2023/1/13
Equilties II,Mixed,1192488.73,2.36,2023/1/14
Equilties II,Mixed,1202744.13,0.86,2023/1/15
Equilties II,Mixed,1180493.36,-1.85,2023/1/16
Equilties II,Mixed,1191826.1,0.96,2023/1/17
Equilties II,Mixed,1180622.93,-0.94,2023/1/18
Equilties II,Mixed,1159135.59,-1.82,2023/1/19
Equilties II,Mixed,1158324.2,-0.07,2023/1/20
Equilties II,Mixed,1151374.25,-0.6,2023/1/21
Equilties II,Mixed,1160239.83,0.77,2023/1/22
Equilties II,Mixed,1186113.18,2.23,2023/1/23
Equilties II,Mixed,1200227.93,1.19,2023/1/24
Equilties II,Mixed,1204068.66,0.32,2023/1/25
Equilties II,Mixed,1209848.19,0.48,2023/1/26
Equilties II,Mixed,1209969.17,0.01,2023/1/27
Equilties II,Mixed,1208275.21,-0.14,2023/1/28
Equilties II,Mixed,1213229.14,0.41,2023/1/29
Equilties II,Mixed,1241133.41,2.3,2023/1/30
Equilties II,Mixed,1259005.73,1.44,2023/1/31
Equilties II,Mixed,1272477.09,1.07,2023/2/1
Equilties II,Mixed,1284056.63,0.91,2023/2/2
Equilties II,Mixed,1308068.49,1.87,2023/2/3
Equilties II,Mixed,1311338.66,0.25,2023/2/4
Equilties II,Mixed,1330615.34,1.47,2023/2/5
Equilties II,Mixed,1361219.49,2.3,2023/2/6
Equilties II,Mixed,1403825.66,3.13,2023/2/7
Equilties II,Mixed,1406492.93,0.19,2023/2/8
Equilties II,Mixed,1438982.92,2.31,2023/2/9
Equilties II,Mixed,1442436.48,0.24,2023/2/10
Equilties II,Mixed,1439118.88,-0.23,2023/2/11
Equilties II,Mixed,1436960.2,-0.15,2023/2/12
Equilties II,Mixed,1437103.9,0.01,2023/2/13
Equilties II,Mixed,1444145.71,0.49,2023/2/14
Equilties II,Mixed,1451077.61,0.48,2023/2/15
Equilties II,Mixed,1487934.98,2.54,2023/2/16
Equilties II,Mixed,1526174.91,2.57,2023/2/17
Equilties II,Mixed,1549983.24,1.56,2023/2/18
Equilties II,Mixed,1546883.27,-0.2,2023/2/19
Equilties II,Mixed,1530331.62,-1.07,2023/2/20
Equilties II,Mixed,1548695.6,1.2,2023/2/21
Equilties II,Mixed,1519270.38,-1.9,2023/2/22
Equilties II,Mixed,1503621.9,-1.03,2023/2/23
Equilties II,Mixed,1533694.34,2,2023/2/24
Equilties II,Mixed,1560533.99,1.75,2023/2/25
Equilties II,Mixed,1556632.66,-0.25,2023/2/26
Equilties II,Mixed,1574533.94,1.15,2023/2/27
Equilties II,Mixed,1593270.89,1.19,2023/2/28
Equilties II,Mixed,1635173.91,2.63,2023/3/1
Equilties II,Mixed,1642859.23,0.47,2023/3/2
Equilties II,Mixed,1646966.38,0.25,2023/3/3
Equilties II,Mixed,1659648.02,0.77,2023/3/4
Equilties II,Mixed,1675746.61,0.97,2023/3/5
Equilties II,Mixed,1668876.05,-0.41,2023/3/6
Equilties II,Mixed,1677220.43,0.5,2023/3/7
Equilties II,Mixed,1718144.61,2.44,2023/3/8
Equilties II,Mixed,1722096.34,0.23,2023/3/9
Equilties II,Mixed,1732601.13,0.61,2023/3/10
Equilties II,Mixed,1722378.78,-0.59,2023/3/11
Equilties II,Mixed,1760615.59,2.22,2023/3/12
Equilties II,Mixed,1743185.5,-0.99,2023/3/13
Equilties II,Mixed,1757305.3,0.81,2023/3/14
Equilties II,Mixed,1743246.86,-0.8,2023/3/15
Equilties II,Mixed,1732264.4,-0.63,2023/3/16
Equilties II,Mixed,1718925.96,-0.77,2023/3/17
Equilties II,Mixed,1769462.38,2.94,2023/3/18
Equilties II,Mixed,1794942.64,1.44,2023/3/19
Equilties II,Mixed,1812533.08,0.98,2023/3/20
Equilties II,Mixed,1808001.75,-0.25,2023/3/21
Equilties II,Mixed,1843619.38,1.97,2023/3/22
Equilties II,Mixed,1836797.99,-0.37,2023/3/23
Equilties II,Mixed,1850390.3,0.74,2023/3/24
Equilties II,Mixed,1872039.87,1.17,2023/3/25
Equilties II,Mixed,1895814.78,1.27,2023/3/26
Equilties II,Mixed,1927095.72,1.65,2023/3/27
Equilties II,Mixed,1950606.29,1.22,2023/3/28
Equilties II,Mixed,1942998.93,-0.39,2023/3/29
Equilties II,Mixed,1976418.51,1.72,2023/3/30
Equilties II,Mixed,2019702.08,2.19,2023/3/31
Equilties II,Mixed,2030406.5,0.53,2023/4/1
Equilties II,Mixed,2050507.52,0.99,2023/4/2
Equilties II,Mixed,2034103.46,-0.8,2023/4/3
Equilties II,Mixed,2051596.75,0.86,2023/4/4
Equilties II,Mixed,2090577.09,1.9,2023/4/5
Equilties II,Mixed,2117336.48,1.28,2023/4/6
Equilties II,Mixed,2139991.98,1.07,2023/4/7
Equilties II,Mixed,2198413.76,2.73,2023/4/8
Equilties II,Mixed,2258210.61,2.72,2023/4/9
Equilties II,Mixed,2273792.26,0.69,2023/4/10
Equilties II,Mixed,2280158.88,0.28,2023/4/11
Equilties II,Mixed,2280158.88,0,2023/4/12
Equilties II,Mixed,2319149.6,1.71,2023/4/13
Equilties II,Mixed,2327498.54,0.36,2023/4/14
Equilties II,Mixed,2372884.76,1.95,2023/4/15
Equilties II,Mixed,2367189.84,-0.24,2023/4/16
Equilties II,Mixed,2441993.04,3.16,2023/4/17
Equilties II,Mixed,2461528.98,0.8,2023/4/18
Equilties II,Mixed,2423129.13,-1.56,2023/4/19
Equilties II,Mixed,2501880.83,3.25,2023/4/20
Equilties II,Mixed,2493624.62,-0.33,2023/4/21
Equilties II,Mixed,2524046.84,1.22,2023/4/22
Equilties II,Mixed,2540200.74,0.64,2023/4/23
Equilties II,Mixed,2517084.91,-0.91,2023/4/24
Equilties II,Mixed,2544521.14,1.09,2023/4/25
Equilties II,Mixed,2538668.74,-0.23,2023/4/26
Equilties II,Mixed,2572940.77,1.35,2023/4/27
Equilties II,Mixed,2555187.48,-0.69,2023/4/28
Equilties II,Mixed,2619067.17,2.5,2023/4/29
Equilties II,Mixed,2610948.06,-0.31,2023/4/30
Equilties II,Mixed,2608337.11,-0.1,2023/5/1
Equilties II,Mixed,2646158,1.45,2023/5/2
Equilties II,Mixed,2643776.46,-0.09,2023/5/3
Equilties II,Mixed,2623948.14,-0.75,2023/5/4
Equilties II,Mixed,2669867.23,1.75,2023/5/5
Equilties II,Mixed,2675740.94,0.22,2023/5/6
Equilties II,Mixed,2710258,1.29,2023/5/7
Equilties II,Mixed,2731398.01,0.78,2023/5/8
Equilties II,Mixed,2752429.77,0.77,2023/5/9
Equilties II,Mixed,2781605.53,1.06,2023/5/10
Equilties II,Mixed,2746835.46,-1.25,2023/5/11
Equilties II,Mixed,2800673.44,1.96,2023/5/12
Equilties II,Mixed,2798993.04,-0.06,2023/5/13
Equilties II,Mixed,2793954.85,-0.18,2023/5/14
Equilties II,Mixed,2771882.61,-0.79,2023/5/15
Equilties II,Mixed,2781029.82,0.33,2023/5/16
Equilties II,Mixed,2782698.44,0.06,2023/5/17
Equilties II,Mixed,2804125.22,0.77,2023/5/18
Equilties II,Mixed,2783655.11,-0.73,2023/5/19
Equilties II,Mixed,2850741.2,2.41,2023/5/20
Equilties II,Mixed,2886090.39,1.24,2023/5/21
Equilties II,Mixed,2867619.41,-0.64,2023/5/22
Equilties II,Mixed,2818009.59,-1.73,2023/5/23
Equilties II,Mixed,2822800.21,0.17,2023/5/24
Equilties II,Mixed,2821671.09,-0.04,2023/5/25
Equilties II,Mixed,2849887.8,1,2023/5/26
Equilties II,Mixed,2853022.68,0.11,2023/5/27
Equilties II,Mixed,2828201.38,-0.87,2023/5/28
Equilties II,Mixed,2811232.17,-0.6,2023/5/29
Equilties II,Mixed,2789023.44,-0.79,2023/5/30
Equilties II,Mixed,2827790.87,1.39,2023/5/31
Equilties II,Mixed,2811106.9,-0.59,2023/6/1
Equilties II,Mixed,2823475.77,0.44,2023/6/2
Equilties II,Mixed,2827146.29,0.13,2023/6/3
Equilties II,Mixed,2860506.62,1.18,2023/6/4
Equilties II,Mixed,2900267.66,1.39,2023/6/5
Equilties II,Mixed,2928690.28,0.98,2023/6/6
Equilties II,Mixed,2946555.29,0.61,2023/6/7
Equilties II,Mixed,3006370.36,2.03,2023/6/8
Equilties II,Mixed,3023206.03,0.56,2023/6/9
Equilties II,Mixed,3071879.65,1.61,2023/6/10
Equilties II,Mixed,3141918.51,2.28,2023/6/11
Equilties II,Mixed,3159513.25,0.56,2023/6/12
Equilties II,Mixed,3205326.19,1.45,2023/6/13
Equilties II,Mixed,3225199.21,0.62,2023/6/14
Equilties II,Mixed,3277447.44,1.62,2023/6/15
Equilties II,Mixed,3324970.43,1.45,2023/6/16
Equilties II,Mixed,3220898.86,-3.13,2023/6/17
Equilties II,Mixed,3220254.68,-0.02,2023/6/18
Equilties II,Mixed,3258253.69,1.18,2023/6/19
Equilties II,Mixed,3251085.53,-0.22,2023/6/20
Equilties II,Mixed,3311230.61,1.85,2023/6/21
Equilties II,Mixed,3321826.55,0.32,2023/6/22
Equilties II,Mixed,3320497.82,-0.04,2023/6/23
Equilties II,Mixed,3330791.36,0.31,2023/6/24
Equilties II,Mixed,3416392.7,2.57,2023/6/25
Equilties II,Mixed,3463880.56,1.39,2023/6/26
Equilties II,Mixed,3480853.57,0.49,2023/6/27
Equilties II,Mixed,3538983.82,1.67,2023/6/28
Equilties II,Mixed,3567295.69,0.8,2023/6/29
Equilties II,Mixed,3657191.54,2.52,2023/6/30
Equilties II,Mixed,3621716.78,-0.97,2023/7/1
Bonds I,High Rating,1000000,-0.11,2023/1/1
Bonds I,High Rating,1000500,0.05,2023/1/2
Bonds I,High Rating,999799.65,-0.07,2023/1/3
Bonds I,High Rating,1001299.35,0.15,2023/1/4
Bonds I,High Rating,1004403.38,0.31,2023/1/5
Bonds I,High Rating,1005206.9,0.08,2023/1/6
Bonds I,High Rating,1011338.66,0.61,2023/1/7
Bonds I,High Rating,1010529.59,-0.08,2023/1/8
Bonds I,High Rating,1011641.17,0.11,2023/1/9
Bonds I,High Rating,1013765.62,0.21,2023/1/10
Bonds I,High Rating,1012954.61,-0.08,2023/1/11
Bonds I,High Rating,1014575.34,0.16,2023/1/12
Bonds I,High Rating,1015285.54,0.07,2023/1/13
Bonds I,High Rating,1014980.95,-0.03,2023/1/14
Bonds I,High Rating,1014980.95,0,2023/1/15
Bonds I,High Rating,1017213.91,0.22,2023/1/16
Bonds I,High Rating,1017213.91,0,2023/1/17
Bonds I,High Rating,1018638.01,0.14,2023/1/18
Bonds I,High Rating,1021795.79,0.31,2023/1/19
Bonds I,High Rating,1022306.69,0.05,2023/1/20
Bonds I,High Rating,1020568.77,-0.17,2023/1/21
Bonds I,High Rating,1020772.88,0.02,2023/1/22
Bonds I,High Rating,1024753.89,0.39,2023/1/23
Bonds I,High Rating,1028033.1,0.32,2023/1/24
Bonds I,High Rating,1032042.43,0.39,2023/1/25
Bonds I,High Rating,1034932.15,0.28,2023/1/26
Bonds I,High Rating,1034311.19,-0.06,2023/1/27
Bonds I,High Rating,1039999.9,0.55,2023/1/28
Bonds I,High Rating,1041975.9,0.19,2023/1/29
Bonds I,High Rating,1044372.44,0.23,2023/1/30
Bonds I,High Rating,1045834.56,0.14,2023/1/31
Bonds I,High Rating,1046252.89,0.04,2023/2/1
Bonds I,High Rating,1047822.27,0.15,2023/2/2
Bonds I,High Rating,1047612.71,-0.02,2023/2/3
Bonds I,High Rating,1046984.14,-0.06,2023/2/4
Bonds I,High Rating,1049601.6,0.25,2023/2/5
Bonds I,High Rating,1049601.6,0,2023/2/6
Bonds I,High Rating,1055059.53,0.52,2023/2/7
Bonds I,High Rating,1054532,-0.05,2023/2/8
Bonds I,High Rating,1057695.6,0.3,2023/2/9
Bonds I,High Rating,1059387.91,0.16,2023/2/10
Bonds I,High Rating,1056421.62,-0.28,2023/2/11
Bonds I,High Rating,1058428.82,0.19,2023/2/12
Bonds I,High Rating,1059910.62,0.14,2023/2/13
Bonds I,High Rating,1059486.66,-0.04,2023/2/14
Bonds I,High Rating,1062241.33,0.26,2023/2/15
Bonds I,High Rating,1059479.5,-0.26,2023/2/16
Bonds I,High Rating,1059373.55,-0.01,2023/2/17
Bonds I,High Rating,1057572.61,-0.17,2023/2/18
Bonds I,High Rating,1059370.48,0.17,2023/2/19
Bonds I,High Rating,1060323.91,0.09,2023/2/20
Bonds I,High Rating,1057142.94,-0.3,2023/2/21
Bonds I,High Rating,1057565.8,0.04,2023/2/22
Bonds I,High Rating,1061161.52,0.34,2023/2/23
Bonds I,High Rating,1060630.94,-0.05,2023/2/24
Bonds I,High Rating,1063388.58,0.26,2023/2/25
Bonds I,High Rating,1063388.58,0,2023/2/26
Bonds I,High Rating,1066047.05,0.25,2023/2/27
Bonds I,High Rating,1068392.35,0.22,2023/2/28
Bonds I,High Rating,1070635.97,0.21,2023/3/1
Bonds I,High Rating,1074062.01,0.32,2023/3/2
Bonds I,High Rating,1074491.63,0.04,2023/3/3
Bonds I,High Rating,1077285.31,0.26,2023/3/4
Bonds I,High Rating,1078362.6,0.1,2023/3/5
Bonds I,High Rating,1079440.96,0.1,2023/3/6
Bonds I,High Rating,1082895.17,0.32,2023/3/7
Bonds I,High Rating,1084519.51,0.15,2023/3/8
Bonds I,High Rating,1085929.39,0.13,2023/3/9
Bonds I,High Rating,1086798.13,0.08,2023/3/10
Bonds I,High Rating,1087558.89,0.07,2023/3/11
Bonds I,High Rating,1091582.86,0.37,2023/3/12
Bonds I,High Rating,1090272.96,-0.12,2023/3/13
Bonds I,High Rating,1092889.62,0.24,2023/3/14
Bonds I,High Rating,1093982.51,0.1,2023/3/15
Bonds I,High Rating,1095951.68,0.18,2023/3/16
Bonds I,High Rating,1097376.42,0.13,2023/3/17
Bonds I,High Rating,1093974.55,-0.31,2023/3/18
Bonds I,High Rating,1094083.95,0.01,2023/3/19
Bonds I,High Rating,1097475.61,0.31,2023/3/20
Bonds I,High Rating,1093634.45,-0.35,2023/3/21
Bonds I,High Rating,1096477.9,0.26,2023/3/22
Bonds I,High Rating,1100205.92,0.34,2023/3/23
Bonds I,High Rating,1104386.7,0.38,2023/3/24
Bonds I,High Rating,1101294.42,-0.28,2023/3/25
Bonds I,High Rating,1098541.18,-0.25,2023/3/26
Bonds I,High Rating,1097113.08,-0.13,2023/3/27
Bonds I,High Rating,1098539.33,0.13,2023/3/28
Bonds I,High Rating,1101065.97,0.23,2023/3/29
Bonds I,High Rating,1104479.27,0.31,2023/3/30
Bonds I,High Rating,1104810.61,0.03,2023/3/31
Bonds I,High Rating,1105804.94,0.09,2023/4/1
Bonds I,High Rating,1105252.04,-0.05,2023/4/2
Bonds I,High Rating,1104146.79,-0.1,2023/4/3
Bonds I,High Rating,1106686.33,0.23,2023/4/4
Bonds I,High Rating,1106575.66,-0.01,2023/4/5
Bonds I,High Rating,1113104.46,0.59,2023/4/6
Bonds I,High Rating,1113661.01,0.05,2023/4/7
Bonds I,High Rating,1115665.6,0.18,2023/4/8
Bonds I,High Rating,1117562.23,0.17,2023/4/9
Bonds I,High Rating,1118456.28,0.08,2023/4/10
Bonds I,High Rating,1119462.89,0.09,2023/4/11
Bonds I,High Rating,1123269.06,0.34,2023/4/12
Bonds I,High Rating,1122932.08,-0.03,2023/4/13
Bonds I,High Rating,1125402.53,0.22,2023/4/14
Bonds I,High Rating,1125177.45,-0.02,2023/4/15
Bonds I,High Rating,1128778.02,0.32,2023/4/16
Bonds I,High Rating,1130358.31,0.14,2023/4/17
Bonds I,High Rating,1132053.85,0.15,2023/4/18
Bonds I,High Rating,1133638.73,0.14,2023/4/19
Bonds I,High Rating,1135679.28,0.18,2023/4/20
Bonds I,High Rating,1138972.75,0.29,2023/4/21
Bonds I,High Rating,1146376.07,0.65,2023/4/22
Bonds I,High Rating,1146605.35,0.02,2023/4/23
Bonds I,High Rating,1148439.92,0.16,2023/4/24
Bonds I,High Rating,1150162.58,0.15,2023/4/25
Bonds I,High Rating,1149587.5,-0.05,2023/4/26
Bonds I,High Rating,1151196.92,0.14,2023/4/27
Bonds I,High Rating,1150160.84,-0.09,2023/4/28
Bonds I,High Rating,1149240.71,-0.08,2023/4/29
Bonds I,High Rating,1153033.2,0.33,2023/4/30
Bonds I,High Rating,1155800.48,0.24,2023/5/1
Bonds I,High Rating,1153488.88,-0.2,2023/5/2
Bonds I,High Rating,1158910.28,0.47,2023/5/3
Bonds I,High Rating,1157635.48,-0.11,2023/5/4
Bonds I,High Rating,1154509.86,-0.27,2023/5/5
Bonds I,High Rating,1156357.08,0.16,2023/5/6
Bonds I,High Rating,1156472.72,0.01,2023/5/7
Bonds I,High Rating,1156241.43,-0.02,2023/5/8
Bonds I,High Rating,1153350.83,-0.25,2023/5/9
Bonds I,High Rating,1159232.92,0.51,2023/5/10
Bonds I,High Rating,1162826.54,0.31,2023/5/11
Bonds I,High Rating,1171547.74,0.75,2023/5/12
Bonds I,High Rating,1168970.33,-0.22,2023/5/13
Bonds I,High Rating,1172711.04,0.32,2023/5/14
Bonds I,High Rating,1177519.16,0.41,2023/5/15
Bonds I,High Rating,1177519.16,0,2023/5/16
Bonds I,High Rating,1183053.5,0.47,2023/5/17
Bonds I,High Rating,1187194.19,0.35,2023/5/18
Bonds I,High Rating,1189331.14,0.18,2023/5/19
Bonds I,High Rating,1192423.4,0.26,2023/5/20
Bonds I,High Rating,1192542.64,0.01,2023/5/21
Bonds I,High Rating,1194331.45,0.15,2023/5/22
Bonds I,High Rating,1199347.64,0.42,2023/5/23
Bonds I,High Rating,1201866.27,0.21,2023/5/24
Bonds I,High Rating,1207515.04,0.47,2023/5/25
Bonds I,High Rating,1209205.56,0.14,2023/5/26
Bonds I,High Rating,1213921.46,0.39,2023/5/27
Bonds I,High Rating,1217441.83,0.29,2023/5/28
Bonds I,High Rating,1219876.71,0.2,2023/5/29
Bonds I,High Rating,1219266.77,-0.05,2023/5/30
Bonds I,High Rating,1219632.55,0.03,2023/5/31
Bonds I,High Rating,1218656.84,-0.08,2023/6/1
Bonds I,High Rating,1223044,0.36,2023/6/2
Bonds I,High Rating,1227324.65,0.35,2023/6/3
Bonds I,High Rating,1230024.76,0.22,2023/6/4
Bonds I,High Rating,1230639.77,0.05,2023/6/5
Bonds I,High Rating,1233470.24,0.23,2023/6/6
Bonds I,High Rating,1233840.28,0.03,2023/6/7
Bonds I,High Rating,1231249.22,-0.21,2023/6/8
Bonds I,High Rating,1238144.22,0.56,2023/6/9
Bonds I,High Rating,1240249.07,0.17,2023/6/10
Bonds I,High Rating,1240497.12,0.02,2023/6/11
Bonds I,High Rating,1240249.02,-0.02,2023/6/12
Bonds I,High Rating,1242605.49,0.19,2023/6/13
Bonds I,High Rating,1244096.62,0.12,2023/6/14
Bonds I,High Rating,1241981.66,-0.17,2023/6/15
Bonds I,High Rating,1245956,0.32,2023/6/16
Bonds I,High Rating,1246952.76,0.08,2023/6/17
Bonds I,High Rating,1253935.7,0.56,2023/6/18
Bonds I,High Rating,1257195.93,0.26,2023/6/19
Bonds I,High Rating,1261847.55,0.37,2023/6/20
Bonds I,High Rating,1259702.41,-0.17,2023/6/21
Bonds I,High Rating,1260836.14,0.09,2023/6/22
Bonds I,High Rating,1263483.9,0.21,2023/6/23
Bonds I,High Rating,1264747.38,0.1,2023/6/24
Bonds I,High Rating,1266644.5,0.15,2023/6/25
Bonds I,High Rating,1268037.81,0.11,2023/6/26
Bonds I,High Rating,1268798.63,0.06,2023/6/27
Bonds I,High Rating,1269559.91,0.06,2023/6/28
Bonds I,High Rating,1272987.72,0.27,2023/6/29
Bonds I,High Rating,1278206.97,0.41,2023/6/30
Bonds I,High Rating,1277823.51,-0.03,2023/7/1
Bonds I,Low Rating,1000000,0.5,2023/1/1
Bonds I,Low Rating,1007100,0.71,2023/1/2
Bonds I,Low Rating,1018580.94,1.14,2023/1/3
Bonds I,Low Rating,1012163.88,-0.63,2023/1/4
Bonds I,Low Rating,1011961.45,-0.02,2023/1/5
Bonds I,Low Rating,1012771.02,0.08,2023/1/6
Bonds I,Low Rating,1015505.5,0.27,2023/1/7
Bonds I,Low Rating,1016521.01,0.1,2023/1/8
Bonds I,Low Rating,1023839.96,0.72,2023/1/9
Bonds I,Low Rating,1016468.31,-0.72,2023/1/10
Bonds I,Low Rating,1018297.95,0.18,2023/1/11
Bonds I,Low Rating,1024204.08,0.58,2023/1/12
Bonds I,Low Rating,1018878.22,-0.52,2023/1/13
Bonds I,Low Rating,1023463.17,0.45,2023/1/14
Bonds I,Low Rating,1025407.75,0.19,2023/1/15
Bonds I,Low Rating,1028894.14,0.34,2023/1/16
Bonds I,Low Rating,1036199.29,0.71,2023/1/17
Bonds I,Low Rating,1034852.23,-0.13,2023/1/18
Bonds I,Low Rating,1043648.47,0.85,2023/1/19
Bonds I,Low Rating,1044065.93,0.04,2023/1/20
Bonds I,Low Rating,1044170.34,0.01,2023/1/21
Bonds I,Low Rating,1055029.71,1.04,2023/1/22
Bonds I,Low Rating,1058405.81,0.32,2023/1/23
Bonds I,Low Rating,1059040.85,0.06,2023/1/24
Bonds I,Low Rating,1062112.07,0.29,2023/1/25
Bonds I,Low Rating,1063705.24,0.15,2023/1/26
Bonds I,Low Rating,1057323.01,-0.6,2023/1/27
Bonds I,Low Rating,1067579.04,0.97,2023/1/28
Bonds I,Low Rating,1069714.2,0.2,2023/1/29
Bonds I,Low Rating,1064258.66,-0.51,2023/1/30
Bonds I,Low Rating,1059469.5,-0.45,2023/1/31
Bonds I,Low Rating,1063601.43,0.39,2023/2/1
Bonds I,Low Rating,1074343.8,1.01,2023/2/2
Bonds I,Low Rating,1081219.6,0.64,2023/2/3
Bonds I,Low Rating,1086625.7,0.5,2023/2/4
Bonds I,Low Rating,1099991.2,1.23,2023/2/5
Bonds I,Low Rating,1106371.15,0.58,2023/2/6
Bonds I,Low Rating,1112898.74,0.59,2023/2/7
Bonds I,Low Rating,1124139.02,1.01,2023/2/8
Bonds I,Low Rating,1118967.98,-0.46,2023/2/9
Bonds I,Low Rating,1123667.65,0.42,2023/2/10
Bonds I,Low Rating,1128836.52,0.46,2023/2/11
Bonds I,Low Rating,1131545.73,0.24,2023/2/12
Bonds I,Low Rating,1134940.37,0.3,2023/2/13
Bonds I,Low Rating,1137891.21,0.26,2023/2/14
Bonds I,Low Rating,1144149.61,0.55,2023/2/15
Bonds I,Low Rating,1158451.48,1.25,2023/2/16
Bonds I,Low Rating,1163432.82,0.43,2023/2/17
Bonds I,Low Rating,1173554.69,0.87,2023/2/18
Bonds I,Low Rating,1185172.88,0.99,2023/2/19
Bonds I,Low Rating,1187424.71,0.19,2023/2/20
Bonds I,Low Rating,1194905.49,0.63,2023/2/21
Bonds I,Low Rating,1196458.87,0.13,2023/2/22
Bonds I,Low Rating,1193946.31,-0.21,2023/2/23
Bonds I,Low Rating,1198722.1,0.4,2023/2/24
Bonds I,Low Rating,1215264.46,1.38,2023/2/25
Bonds I,Low Rating,1220976.2,0.47,2023/2/26
Bonds I,Low Rating,1229034.64,0.66,2023/2/27
Bonds I,Low Rating,1248822.1,1.61,2023/2/28
Bonds I,Low Rating,1245325.4,-0.28,2023/3/1
Bonds I,Low Rating,1246197.13,0.07,2023/3/2
Bonds I,Low Rating,1248564.9,0.19,2023/3/3
Bonds I,Low Rating,1249189.18,0.05,2023/3/4
Bonds I,Low Rating,1252811.83,0.29,2023/3/5
Bonds I,Low Rating,1251433.74,-0.11,2023/3/6
Bonds I,Low Rating,1256189.19,0.38,2023/3/7
Bonds I,Low Rating,1262972.61,0.54,2023/3/8
Bonds I,Low Rating,1267898.2,0.39,2023/3/9
Bonds I,Low Rating,1267137.46,-0.06,2023/3/10
Bonds I,Low Rating,1276260.85,0.72,2023/3/11
Bonds I,Low Rating,1289916.84,1.07,2023/3/12
Bonds I,Low Rating,1283080.28,-0.53,2023/3/13
Bonds I,Low Rating,1287699.37,0.36,2023/3/14
Bonds I,Low Rating,1303022.99,1.19,2023/3/15
Bonds I,Low Rating,1303544.2,0.04,2023/3/16
Bonds I,Low Rating,1308758.38,0.4,2023/3/17
Bonds I,Low Rating,1314778.67,0.46,2023/3/18
Bonds I,Low Rating,1317934.14,0.24,2023/3/19
Bonds I,Low Rating,1310685.5,-0.55,2023/3/20
Bonds I,Low Rating,1323005.94,0.94,2023/3/21
Bonds I,Low Rating,1327371.86,0.33,2023/3/22
Bonds I,Low Rating,1331221.24,0.29,2023/3/23
Bonds I,Low Rating,1342270.38,0.83,2023/3/24
Bonds I,Low Rating,1353948.13,0.87,2023/3/25
Bonds I,Low Rating,1355437.47,0.11,2023/3/26
Bonds I,Low Rating,1361130.31,0.42,2023/3/27
Bonds I,Low Rating,1363172.01,0.15,2023/3/28
Bonds I,Low Rating,1372305.26,0.67,2023/3/29
Bonds I,Low Rating,1371756.34,-0.04,2023/3/30
Bonds I,Low Rating,1378477.95,0.49,2023/3/31
Bonds I,Low Rating,1378202.25,-0.02,2023/4/1
Bonds I,Low Rating,1386195.82,0.58,2023/4/2
Bonds I,Low Rating,1392017.84,0.42,2023/4/3
Bonds I,Low Rating,1403710.79,0.84,2023/4/4
Bonds I,Low Rating,1401043.74,-0.19,2023/4/5
Bonds I,Low Rating,1399782.8,-0.09,2023/4/6
Bonds I,Low Rating,1406221.8,0.46,2023/4/7
Bonds I,Low Rating,1412831.04,0.47,2023/4/8
Bonds I,Low Rating,1408451.26,-0.31,2023/4/9
Bonds I,Low Rating,1402535.76,-0.42,2023/4/10
Bonds I,Low Rating,1397065.87,-0.39,2023/4/11
Bonds I,Low Rating,1407404.16,0.74,2023/4/12
Bonds I,Low Rating,1407967.12,0.04,2023/4/13
Bonds I,Low Rating,1423877.15,1.13,2023/4/14
Bonds I,Low Rating,1423022.82,-0.06,2023/4/15
Bonds I,Low Rating,1430422.54,0.52,2023/4/16
Bonds I,Low Rating,1442724.17,0.86,2023/4/17
Bonds I,Low Rating,1450226.34,0.52,2023/4/18
Bonds I,Low Rating,1453416.84,0.22,2023/4/19
Bonds I,Low Rating,1458503.8,0.35,2023/4/20
Bonds I,Low Rating,1447856.72,-0.73,2023/4/21
Bonds I,Low Rating,1446553.65,-0.09,2023/4/22
Bonds I,Low Rating,1450893.31,0.3,2023/4/23
Bonds I,Low Rating,1449297.33,-0.11,2023/4/24
Bonds I,Low Rating,1450021.98,0.05,2023/4/25
Bonds I,Low Rating,1458577.11,0.59,2023/4/26
Bonds I,Low Rating,1468349.58,0.67,2023/4/27
Bonds I,Low Rating,1476425.5,0.55,2023/4/28
Bonds I,Low Rating,1477311.36,0.06,2023/4/29
Bonds I,Low Rating,1489129.85,0.8,2023/4/30
Bonds I,Low Rating,1495235.28,0.41,2023/5/1
Bonds I,Low Rating,1504356.22,0.61,2023/5/2
Bonds I,Low Rating,1520452.83,1.07,2023/5/3
Bonds I,Low Rating,1529879.64,0.62,2023/5/4
Bonds I,Low Rating,1521006.34,-0.58,2023/5/5
Bonds I,Low Rating,1525873.56,0.32,2023/5/6
Bonds I,Low Rating,1530756.36,0.32,2023/5/7
Bonds I,Low Rating,1525551.79,-0.34,2023/5/8
Bonds I,Low Rating,1524483.9,-0.07,2023/5/9
Bonds I,Low Rating,1516556.58,-0.52,2023/5/10
Bonds I,Low Rating,1521712.87,0.34,2023/5/11
Bonds I,Low Rating,1522169.38,0.03,2023/5/12
Bonds I,Low Rating,1516689.57,-0.36,2023/5/13
Bonds I,Low Rating,1505162.73,-0.76,2023/5/14
Bonds I,Low Rating,1511032.86,0.39,2023/5/15
Bonds I,Low Rating,1518134.71,0.47,2023/5/16
Bonds I,Low Rating,1524814.5,0.44,2023/5/17
Bonds I,Low Rating,1532591.05,0.51,2023/5/18
Bonds I,Low Rating,1542706.15,0.66,2023/5/19
Bonds I,Low Rating,1553196.55,0.68,2023/5/20
Bonds I,Low Rating,1560807.21,0.49,2023/5/21
Bonds I,Low Rating,1583282.83,1.44,2023/5/22
Bonds I,Low Rating,1587874.35,0.29,2023/5/23
Bonds I,Low Rating,1600259.77,0.78,2023/5/24
Bonds I,Low Rating,1588417.85,-0.74,2023/5/25
Bonds I,Low Rating,1569515.68,-1.19,2023/5/26
Bonds I,Low Rating,1572811.66,0.21,2023/5/27
Bonds I,Low Rating,1589011.62,1.03,2023/5/28
Bonds I,Low Rating,1583132.28,-0.37,2023/5/29
Bonds I,Low Rating,1582024.09,-0.07,2023/5/30
Bonds I,Low Rating,1597211.52,0.96,2023/5/31
Bonds I,Low Rating,1600565.66,0.21,2023/6/1
Bonds I,Low Rating,1610169.05,0.6,2023/6/2
Bonds I,Low Rating,1613872.44,0.23,2023/6/3
Bonds I,Low Rating,1612581.34,-0.08,2023/6/4
Bonds I,Low Rating,1632899.86,1.26,2023/6/5
Bonds I,Low Rating,1641880.81,0.55,2023/6/6
Bonds I,Low Rating,1650582.78,0.53,2023/6/7
Bonds I,Low Rating,1646621.38,-0.24,2023/6/8
Bonds I,Low Rating,1656830.43,0.62,2023/6/9
Bonds I,Low Rating,1666937.1,0.61,2023/6/10
Bonds I,Low Rating,1659935.96,-0.42,2023/6/11
Bonds I,Low Rating,1651304.29,-0.52,2023/6/12
Bonds I,Low Rating,1648662.2,-0.16,2023/6/13
Bonds I,Low Rating,1651300.06,0.16,2023/6/14
Bonds I,Low Rating,1648162.59,-0.19,2023/6/15
Bonds I,Low Rating,1647668.14,-0.03,2023/6/16
Bonds I,Low Rating,1652281.61,0.28,2023/6/17
Bonds I,Low Rating,1657073.23,0.29,2023/6/18
Bonds I,Low Rating,1649616.4,-0.45,2023/6/19
Bonds I,Low Rating,1647636.86,-0.12,2023/6/20
Bonds I,Low Rating,1647307.33,-0.02,2023/6/21
Bonds I,Low Rating,1664768.79,1.06,2023/6/22
Bonds I,Low Rating,1667099.47,0.14,2023/6/23
Bonds I,Low Rating,1671433.93,0.26,2023/6/24
Bonds I,Low Rating,1669762.5,-0.1,2023/6/25
Bonds I,Low Rating,1679113.17,0.56,2023/6/26
Bonds I,Low Rating,1669206.4,-0.59,2023/6/27
Bonds I,Low Rating,1654851.22,-0.86,2023/6/28
Bonds I,Low Rating,1647404.39,-0.45,2023/6/29
Bonds I,Low Rating,1650369.72,0.18,2023/6/30
Bonds I,Low Rating,1664397.86,0.85,2023/7/1
